Episode,Category
84143002711104077,general
151130279482320639,general
174083699924127413,general
212233713605494134,general
244629384739303596,general
323068747820571348,general
339077771907758195,general
601779706200353051,general
728772179473267718,general
751726089240508958,general
999092219116500584,general
10044090148215207294,general
1009289826571350874,general
10184947348061504048,general
10243782909269828176,general
10362218190525405226,general
10609424558081693691,general
10696734356755810650,general
10697484407812183269,general
11175046366602546678,general
11193915930614660381,general
11241837393536399335,general
11274761796981573687,general
11281726208174767569,general
11333600820131194802,general
11460655147102369629,general
11468190016910007210,general
11569299183084667536,general
11700763605483444557,general
11823528658386431357,general
11879754693049763339,general
11938563696420676152,general
12144795137008029716,general
12171222032038242540,general
12205841662494704375,general
12321418230619720863,general
12507511466725756714,general
12532678690032774346,general
12541034439649574529,general
12580254478336691317,general
12876601525605324725,general
13075604686848738248,general
13119307016420105796,general
13269949600154228631,general
13306070200137657656,general
13426979535174572265,general
13447984195116136702,general
13523581327759820773,general
13531204412511018307,general
1359994677477286277,general
13842732228357970269,general
14146702531165890110,general
14593306293950690813,general
8425939885665187143,general
8308679030046945797,general
8220998894041399258,general
7710306920803871584,general
6920892466294256415,general
615146254683807741,googleapps
10059323239052632892,googleapps
10916189803433537913,googleapps
11137766304201944618,googleapps
12072717654790012155,googleapps
12328916592710067202,googleapps
12499699714226113785,googleapps
13118642174915973036,googleapps
13563225379366283319,googleapps
13751719753816257618,googleapps
16130218024229308489,googleapps
16990707691550773437,googleapps
1706058252082972419,googleapps
17264685466393245607,googleapps
17938678572019502635,googleapps
18276215501712931344,googleapps
2143123778391820313,googleapps
2516012004368191039,googleapps
2709332978052021498,googleapps
4510365456227100626,googleapps
7035853841512486594,googleapps
7993805876286876419,googleapps
8709453762025764148,googleapps
7597885808976673278,googleapps
5724477616608710006,googleapps
388098194778312464,googleapps
427792410888378033,googleapps
821873965856589741,googleapps
917635677146723873,googleapps
1024517293080375339,googleapps
10690658741533756795,googleapps
10816182174687306590,googleapps
1332016557291859807,googleapps
14866579479115948048,googleapps
16754489084430570432,googleapps
112339337270558693,googleapps
10036634329889164652,googleapps
10054014647076707284,googleapps
10057547477448962219,googleapps
10069870216119325954,googleapps
10136307032389226297,googleapps
10141029934822739021,googleapps
1014188285004997961,googleapps
1022381322165169730,googleapps
10231265714996052503,googleapps
10316979227561224357,googleapps
10405500159604689136,googleapps
10529094880631540491,googleapps
10658725401855043223,googleapps
10774240587109527791,googleapps
1078852035958996113,googleapps
10932276003609708502,googleapps
10965326115903821893,googleapps
11097044622343974629,googleapps
11180604823399452754,googleapps
11193627935006566144,googleapps
11230143213828357962,googleapps
11284182024619853586,googleapps
11631772253949558470,googleapps
11996685528816198600,googleapps
302019774564249279,install
435532784588803030,install
456252872880478313,install
625666791332945222,install
996731423846181085,install
10764637231793248966,install
1113309466888726728,install
1278315063969553502,install
16713501499318826779,install
18111418915520682125,install
13253931976515142869,install
13065134076605903239,install
12944175060824682900,install
1289799277936902548,install
12852013953220349756,install
12411529750813182311,install
12332283688054386795,install
12329784371069414483,install
11987929509433361963,install
11308530348773251676,install
136734590865918536,webshopping
159087172207427285,webshopping
10016075255396203771,webshopping
10019828397132907250,webshopping
10025436101560086995,webshopping
10049733765249109445,webshopping
1018105402240989758,webshopping
10206507729967790953,webshopping
10211715098999396623,webshopping
10336935087118457153,webshopping
10687312993694464564,webshopping
1100302095480193870,webshopping
11064280273539174345,webshopping
11210827016250414937,webshopping
1220946176073399009,webshopping
14898222607635459621,webshopping
14931427782969634949,webshopping
15104928044864284932,webshopping
15109604761158895069,webshopping
16407057040754038407,webshopping
0,generated
1,generated
2,generated
3,generated
4,generated
5,generated
6,generated
7,generated
8,generated
9,generated
10,generated
11,generated
12,generated
13,generated
14,generated
15,generated
16,generated
17,generated
18,generated
19,generated
20,generated
21,generated
22,generated
23,generated
24,generated
25,generated
26,generated
27,generated
28,generated
29,generated
30,generated
31,generated
32,generated
33,generated
34,generated
35,generated
36,generated
37,generated
38,generated
39,generated